Spotify URI,Title,Album,Artist(s),Submitter ID,Created,Comment,Round ID,Visible To Voters
spotify:track:0970yaWdsPnVWn8Ej9qfy2,The Saddest Song,I See Three Birds Flying,Adrian Crowley,01544fd12f414dadbc9bce3599e03c0b,2026-06-03T15:32:03Z,"In Ireland, someone, like me, who comes from outside the capital, is called a culchie, which derives from the view held by Dubliners that someone who isn't a Dubliner is uncultured. Adrian Crowley is a culchie who lives in Dublin. Will he do? You'll find a reason to downvote him somehow I'm sure. He's supported Eitzel if that means anything. And remember, it's not where you're from it's where you're at. ",3da19f637b3e4d3e93a868b44102e4ae,Yes
spotify:track:0dv1w0npDQliBX9HSVT3hg,Worm Grew a Spine,Heavy Glory,Elias Rønnenfelt,797f0f6b3ec74bbe9efd14a96a7217b1,2026-06-03T15:02:03Z,Hi Flirs - first entry - Elias the Lead Singer of Iceage out of Copenhagen - from his solo record that came out last year - especially the bringe in this song is pure magic.,3da19f637b3e4d3e93a868b44102e4ae,Yes
spotify:track:0k9JIBszlCqCa4SpXI353F,BIRDS,SEEIN’ STARS / BIRDS,Turnstile,86c3935108da4e26bfb2081392ed35c5,2026-06-03T14:40:59Z,These kids have recently blown up worldwide and we are proud to call them. Baltimorons ￼,3da19f637b3e4d3e93a868b44102e4ae,Yes
spotify:track:0R0jrqAOaFtDSDSaUEvpN2,ما نسيتك ثواني,أحبك موت,Ahlam,23e53d1a01404849826a9ac7d1d28b27,2026-06-03T11:19:49Z,"Wow, so how do I distill a whole culture into 1 song! I suppose, that's not the purpose. Anyways, so I live in Abu Dhabi, UAE - for those unfamiliar, it's on the straight of H, enough said about all that. This is from an old Ahlam album. You really need to be in the time & place I guess, I think it's probably quite a cultural stretch for many. Hope some of you like it.",3da19f637b3e4d3e93a868b44102e4ae,Yes
spotify:track:0rY4LJe7trV2DaNuD5pwjG,Let's Go Out Tonight,The Space Between Us,Craig Armstrong,467b385bee164547a603d728685f182f,2026-06-02T21:40:21Z,The name of the artist on this recording actually stays in my area in Glasgow-technically Paul Buchanan was never really Glaswegian .  I'm going to talk a little about Glasgow here -I lost one of my greatest friends on Easter Monday . Ironically Gordon was American but moved back to Glasgow in the late 60's-a story that was always told as being due to his parents splitting up. There's a sting in that tale. I will recount on the follow up replies. Me and Gordon met in 1982 when Glasgow was a thriving centre of cool-if that matters but him being 4 years older than me-he took me under his wing and we went to the best bars and clubs. Music was central to us-he wasn't a rock fan per se -and we gelled on The Blue Nile and I turned him onto Eitzel. We went to the football together for over 40 years and he looked after me when I really needed it and was an uniquely good person. I miss him deeply so this is for him. . I miss the Glasgow of this song too.,3da19f637b3e4d3e93a868b44102e4ae,Yes
spotify:track:0Xv42V70k6KSOxHCaW0QWF,My Debut Album,Don Lennon,Don Lennon,c2908202c05c4119b9af99d832f55b9b,2026-05-26T19:55:01Z,"Cambridge, MA",3da19f637b3e4d3e93a868b44102e4ae,Yes
spotify:track:1Hv1VTm8zeOeybub15mA2R,Smooth Operator - Single Version,The Best of Sade,Sade,2acd20c2132e44d7bd36b48ea1c0f195,2026-06-03T15:19:11Z,,3da19f637b3e4d3e93a868b44102e4ae,Yes
spotify:track:1YzNHqhyj7j8A0CL30lUgd,Interpretes,Disappears + Steve Shelley + White​/​light,"Disappears, Steve Shelley, White/Light",8e90755452724b16bc0423f737beaccd,2026-05-28T02:06:59Z,"""I wanna go back to my home town
Though I know it'll never be the same""
- Joe Jackson

This is a timely round, as I am actually spending the summer with family in Midland, Michigan (USA). 

Years ago, I was home on break from university, and like many young folks I took a short-term job to make some extra money. I was part of a rotating work crew for our local public works department, doing various tasks like pouring sidewalks, filling potholes, and clearing brush.

One of my supervisors was a friendly man named Ivan. We were at lunch one day when he told a story about going to see his son play in a band opening for Neil Young. It took me a minute, but I figured out he was referring to Steve Shelley of Sonic Youth (who, by the way, is the spitting image of his father).

We've already had SY and current collaborator Bill Orcutt, so here's a track from Shelley's 2009 team-up with Chicago indie rock artists Disappears and White/Light, eventually released on Shelley's own label in 2020.

",3da19f637b3e4d3e93a868b44102e4ae,Yes
spotify:track:2b3zAIU06DRxvl7PehalzZ,Love Bird,The Memory of Water,Strong Sun Moon,2841805d6e4f44b1814aa495dc2150c1,2026-05-22T02:56:11Z,"Welcome to Snoqualmie, birthplace of Ella Raines (watch ""Tall In the Saddle"" with John Wayne if you ever get a chance).  Issaquah, the second town west on Interstate 90, would have given you Modest Mouse.  Instead, here's a 2017 offering from Snoqualmie local Strong Sun Moon (an acoustic world-fusion and roots group featuring Camelia Jade and Mike Antone).  The alternate choice was Mother Root, a heavy sludge/doom duo.  You're welcome.",3da19f637b3e4d3e93a868b44102e4ae,Yes
spotify:track:43TN8zLpTz75TIvWSZ6cr3,"New York, Let's Do Nothing",Big Swimmer,King Hannah,8a006758b7e4400d94f2eb943efee15c,2026-06-03T15:13:44Z,"I felt sure we’d had King Hannah before, but the spreadsheet says no. My favourite Liverpool band of recent years, an irresistible mix of Mazzy Star, Neil Young and PJ Harvey, with a fondness for chatty but surreal lyrics - shining stars in a city currently with an apparently infinite supply of bands who look and sound like The La’s (if being generous) or Cast (if being honest). ",3da19f637b3e4d3e93a868b44102e4ae,Yes
spotify:track:4vTF6h1NrPvRtrOCZQJzKw,Summer,Can't Stop It! Australian Post-Punk 1978-82,The Take,f269e66e73e246549e5c314009da035e,2026-06-03T11:00:04Z,"These wide-open rounds seem easy at first, but give me indecision paralysis. Melbourne (Australia) has obviously produced a decent band or two, but after a while thinking through some big names, I landed on a more underground moment that still lurks in the city’s musical DNA. This is from a wondrous compilation gathering some of the strangest and spikiest output of the post-punk years from 1978-82, not all of it from Melbourne, but featuring a good number of the Little Bands from our town, a kind of musical swingers’ scene in which groups formed, performed once or twice, then vanished, before reshuffling again (complete with disposable band names like Slugfuckers, People With Chairs Up Their Noses, Thrush and the Cunts). The Take only recorded this one song, but for me it nails the spirit of the era - yelping vocals, a touch of sadism (that siren guitar!), and serious humour .",3da19f637b3e4d3e93a868b44102e4ae,Yes
spotify:track:5BAJDNTutBFJL27pKunac1,Shadow (Maceo Plex Remix),Shadow (Remixes),"Maceo Plex, Chromatics",d0cb0402be7f47c9914e8de02f509f7a,2026-06-03T16:55:26Z,"Well, I could be one of two Portland fireflies on the list. Betcha can't guess which one I am! The past Firefly music leagues I have posted a sampler plate of the rich music scene we have here in PDX.  However, if you examine the origin of some of those, you will find some of the most well known Portland band members actually are transplants to our fair city. Finding a band whose members were born and bred here was a challenge.  

Here, we have the Chromatics, whose members are all Portland natives. Their sound is gauzy, airy, dripping in reverb, just ripe for the picking to appear on TV and movie soundtracks. This remix, by producer Maceo Plex, was intended to ""pay tribute and honour the death of Twin Peaks‘ fictional character, Laura Palmer who was originally portrayed by Sherly Lee.""

Portland's creative landscape continues to thrive in spite of efforts by red hats to dry out our dampness. Keep Portland Weird! (Yes, I know we that slogan was stolen from Austin).
",3da19f637b3e4d3e93a868b44102e4ae,Yes
spotify:track:5sJiLlgQKBL81QCTOkoLB5,Good Life,Paradise,Inner City,de4eea8c425949deaa2c55f0c21ccd7d,2026-06-03T07:03:48Z,"Iggy Pop was raised in a trailer park in my town of Ypsilanti, very close to the grocery store I shop at.  However, Memorial Day weekend in Detroit means it's time for the annual electronic music festival, now called Movement.  This year, on the Friday before the long weekend, I was lucky enough to catch a super rare-- nay, historical-- show by the Belleville Three (Techno originators Juan Atkins, Derrick May and Kevin Saunderson) in their hometown where they met as teens, Belleville, Michigan, which is next door to Ypsilanti.
It is hard now to imagine the world before EDM took it over like a gigantic, tedious octopus.  But these kids (now approaching retirement age) had the skills and vision to create something new and exciting.
Kind of a funny sidenote: 10% of the door take was donated to the Belleville High School robotics club, as befits the futuristic music.
Here is Inner City's (Kevin Saunderson  + singer Paris Grey) 1988 classic ""Good Life"".  Shake your booty.",3da19f637b3e4d3e93a868b44102e4ae,Yes
spotify:track:5UIRG5DrJ3bjOo0RpjEZyI,Ten Bells,Twenty-Two Strings,Ex-Easter Island Head,62a98fc6d1b84e52b5f885d92cb59725,2026-06-03T15:01:03Z,"There are a lot of very famous bands from Liverpool, but I’m sure you’ll all agree the first one that comes to everyone’s mind is these guys banging away at their guitars with mallets. Right?",3da19f637b3e4d3e93a868b44102e4ae,Yes
spotify:track:6CGk7ABnnWh2dHlT59R255,Info Freako,Liquidizer,Jesus Jones,eda607c11bad4f2087be16a53e4d90b5,2026-05-31T19:45:02Z,Nothing from this small town in Wiltshire but just down the road in Bradford on Avon there was Jesus Jones. A record that appeared to predict the coming of the internet age. ,3da19f637b3e4d3e93a868b44102e4ae,Yes
spotify:track:71b4qdVOOUJoWG5ey7DOsp,Class War Now,Courage,Help,6decab82ff3a437a886aa3d9a5999e5d,2026-05-31T03:43:37Z,"Since I can't use the ol'  ""little league games in NJ and Subway sandwich"" subterfuge to hide my location and identity, I might as well go all in: 

HELP are a tremendously noisy rock band from Portland OR who are best experienced live, and, as this track might suggest, their shows are very politically charged affairs. The drummer doesn't really play the drums, so much as assaults them with an over the shoulder attack (sort of visible in the looping clip on Spotify). Interestingly enough, the guitarist and singer spent time in another far more famous PDX (airport code for Portland which  is common shorthand for the city itself) band, Portugal the Man, which is pretty fascinating when you realize he had all of .... uh....  *this* ...  bottled up inside. Glad he's getting it out!",3da19f637b3e4d3e93a868b44102e4ae,Yes
spotify:track:75GQIYnRaBg7ndHxhfYuQy,Go All The Way,Raspberries,Raspberries,a28a4930e9644a559d47cb1459c2c0a3,2026-06-03T18:18:44Z,"In the Cleveland metro area, I'm spoiled for choices, but I get overwhelmed by options, so I decided to interpret ""the town where you currently live"" as narrowly as possible.

Eric Carmen grew up in my current suburb and went to the same high school my kids attend. The city held a celebration of life just after his death.

Although we had another selection from the Raspberries in the last league (and though some voters may take a dim view of repeat artists), this really is an incredible song. I could have opted for one of his later solo outings which were still expertly crafted soft rock hits, but this one is simply better. The absolutely classic opening riff foreshadows the edgy (for the time) subject matter and then transitions almost magically into the most innocent sounding and buttery smooth chorus.

There are plenty of songs with unforgettable hooks and plenty of songs with incredible songwriting, but this one comes from the much smaller pile that offers up both.",3da19f637b3e4d3e93a868b44102e4ae,Yes
spotify:track:7F6UQyVvrmYAVyxxUF2MhT,Light Night Mountains All That,Light Night Mountains All That,Ratboys,d0b05394a4f7482b95d5e0aeecbaa33a,2026-06-03T16:18:16Z,"All of my favorite Chicago artists have been represented in one form or another so far. So here’s a new song “about trying to show somebody something cool and its coolness failing to move them beyond indifference or distraction, probably because they are thinking about something or someone else.“

This one comes from their latest album, inspired by the lead singer going to therapy (Americans under 40 really seem to love talking about going to therapy). As such, their album is “Singin’ To An Empty Chair,” a nod to the  Gestalt technique invented in the 1920s. You could DIY, but results may vary.   (https://www.ebsco.com/research-starters/health-and-medicine/empty-chair-technique)
",3da19f637b3e4d3e93a868b44102e4ae,Yes
spotify:track:7vJSMyOOtIYC1KpeyRNxgt,Into the Garden,Into The Garden - An Artery Collection,Artery,920d59fe89434c9a9255c64fa8265e5a,2026-05-22T21:02:33Z,Under the radar band from back when. I always loved this but never got a chance to see them until their short lived reformation. That pulsing bass line and textured shards of guitar get me every time. Sheffield if you must know.,3da19f637b3e4d3e93a868b44102e4ae,Yes
spotify:track:7wbdd3b6ZrJllGZuRJtNGV,Bubble Sex,Disco Tango [Remastered],Tommy Seebach,fb5929c39fbe403dbcebeb3329942390,2026-05-31T06:20:25Z,"My fellow Dane might kill me for submitting this, but I think it’s time we reexamined the oeuvre of Copenhagen* native mr. Seebach. Primarily known for his somewhat naff Eurovision schlagers (though Disco Tango is a banger; this is a hill I will die on), this song is the best song Giorgio Moroder never wrote. Seebach was an early adopter of electronic music, even if he might primarily have copied trends from abroad. But you can’t deny the excellent result!

* Tommy Seebach was born in Copenhagen but lived in Frederiksberg, which is a municipality nestled entirely within the municipality of Copenhagen. Copenhageners and Frederiksbergians might debate what’s what, and what’s best, but except for tax purposes the rest of the world sees no difference.",3da19f637b3e4d3e93a868b44102e4ae,Yes
spotify:track:00IOLiCulnCCAvRxTfLlfi,Caroline,Caroline,Myster Ezin,d0cb0402be7f47c9914e8de02f509f7a,2026-06-10T18:27:55Z,"I doubt there is another name for whom songs are written.  This one has it all: Intrigue, a red army, the metro, amphetamines, raspberries, pyromaniacs, ragamuffins, vanilla cones! Delivering the goods (in French even!) is one Myster Ezin. Was the artiste familiar to me prior to this week? Non, but I enjoyed this one for standing out in a field of saccharine odes to poor Caroline. 

",af98a1e59bc94dadab7babd9a990bddc,Yes
spotify:track:0dYE4e25k2F8l7VLmTW9KD,Gough,Introducing,The Whitlams,2841805d6e4f44b1814aa495dc2150c1,2026-06-10T03:39:23Z,"There were reasons.  How long have you got?

https://en.wikipedia.org/wiki/Gough_Whitlam - Australia's 21st Prime Minister, serving from December 1972 to November 1975.  His full name is Edward Gough Whitlam, popularly known as Gough.  From the band's Wiki page:  According to Freedman ""I loved the family names—the Smiths, the Reivers. I thought, the Whitlams, no-one's done that. I'll be able to steal all the goodwill that Australia holds in reserve for Gough Whitlam.""

Stevie (who was ""9 in 1972"") is Stevie Plunder, one third of this incarnation of the Whitlams.  The first two Whitlams albums are more more rollicking, shambolic at times, with the back and forth between Tim Freedman (singing lead here) and Stevie.  Stevie passed in 1996, and Tim solely took the band reins to make Eternal Nightcap, their brilliant third studio album.  Gough presented them with their ""Best Group"" ARIA award at the 1998 ceremony.",af98a1e59bc94dadab7babd9a990bddc,Yes
spotify:track:0FBddPZCCiRYp3XcVHZZ56,Malinda,Bobby Taylor & The Vancouvers,Bobby Taylor & The Vancouvers,c2908202c05c4119b9af99d832f55b9b,2026-06-10T13:53:57Z,"Certainly a fertile field for this theme, let's go with a Canadian Motown band who just missed the Top 40 with this gem.  I'm a fan of suspicious rhymes and there are plenty here.  Fun fact, Tommy Chong was their guitarist.",af98a1e59bc94dadab7babd9a990bddc,Yes
spotify:track:2fEhqGeXcGiJs3WmqysJ8X,Ethel,Gigi's Recovery,The Murder Capital,8a006758b7e4400d94f2eb943efee15c,2026-06-08T19:58:18Z,I hear more than a touch of Eitzel in this angst-ridden tale of doomed urban romance and holding on to possible futures long after you know they’re not really going to happen. Party hats at the ready. ,af98a1e59bc94dadab7babd9a990bddc,Yes
spotify:track:2hWQJ4Knog5SqDpq01s8hU,Kathleen,Under Branch & Thorn & Tree,Samantha Crain,01544fd12f414dadbc9bce3599e03c0b,2026-06-10T18:34:35Z,"She played my town recently and I couldn't go, but I would be outing myself if I was to tell you why. I'll let you know when voting time comes around but, for now, enjoy some thoughtful soundwriting and laidback vocals. ",af98a1e59bc94dadab7babd9a990bddc,Yes
spotify:track:2yKZBTt2VUDooMaVZAgtEU,Luca - Reprisal Version,The Devil And God Are Raging Inside Me,Brand New,920d59fe89434c9a9255c64fa8265e5a,2026-06-09T13:47:08Z,"Artist featured once but it was way back in league 3 so guess that is forgivable (for most). Beautifully atmospheric offering from one of my favourite bands and one of my favourite albums. Unfairly imo, tarred with their early pop punk output they grew into something else, something magnificent. This album is incredible. Very much expecting a ""you people"" outcome but hey ho, hope springs eternal.",af98a1e59bc94dadab7babd9a990bddc,Yes
spotify:track:2zrs8tiXiqTC3Bd92TgjYI,Hieronymus,Penny Century,The Clouds,f269e66e73e246549e5c314009da035e,2026-06-10T04:23:18Z,"Yeah, Hieronymus, as in Hieronymus Bosch, visionary Dutch painter of the 15th-16thC. Apparently, Clouds co-lead Jodi Phillis had her mind blown as a little kid upon seeing his work in an art book, evoking feels that she revisits here in a magnificent melee of tight vocal harmonies and even tighter chord changes. For those not familiar, here’s the sort of madness she was staring at: https://tinyurl.com/y3srpxfw.
",af98a1e59bc94dadab7babd9a990bddc,Yes
spotify:track:3aA5fk4c6a7e5HM4rJqkSF,Matilda,An Awesome Wave,alt-J,a28a4930e9644a559d47cb1459c2c0a3,2026-06-10T12:15:47Z,"After a couple unexplained missteps in previous seasons, I get shaky searching to see if a band has been submitted before, but I was surprised not to see this one in the list yet.

Nearly forgot about these guys, who I know very little about. Depending on my mood and the particular song, the sound is either overly quirky or refreshing, but I do recall this album getting regular CarPlay on family rides back and forth to grandma's. Some of the more unique rhythms in the genre.

Matilda was not on our short list of baby names, but I see that popularity has been steadily climbing in the U.S., which I can only assume is wholly attributable to this song.",af98a1e59bc94dadab7babd9a990bddc,Yes
spotify:track:3pf96IFggfQuT6Gafqx2rt,Sunny,Take The Heat Off Me,Boney M.,de4eea8c425949deaa2c55f0c21ccd7d,2026-06-10T16:47:56Z,"I know it's no ""Rasputin"", but Boney M's disco version of Bobby Hebb's ""Sunny"" is stil pretty fun and should become your default version going forward.",af98a1e59bc94dadab7babd9a990bddc,Yes
spotify:track:4DWFSrNnZXow1aB96gByho,Elenore,The Turtles Present The Battle of the Bands,The Turtles,2acd20c2132e44d7bd36b48ea1c0f195,2026-06-09T23:12:29Z,,af98a1e59bc94dadab7babd9a990bddc,Yes
spotify:track:59rSjZAHfFktNxjtx7oM4H,Sara - 2015 Remaster,Tusk (2015 Remaster),Fleetwood Mac,467b385bee164547a603d728685f182f,2026-06-09T22:17:16Z,I borrowed this album from a mate's brother-I never did give him it back -,af98a1e59bc94dadab7babd9a990bddc,Yes
spotify:track:5c2I3Ad1uAhUyxsdDshLL9,Maureen - Live at Spacebomb Studios,In Real Life (Live at Spacebomb Studios),"Fruit Bats, Vetiver",23e53d1a01404849826a9ac7d1d28b27,2026-06-09T04:14:14Z,"I always heard the lyrics as ""don't dream, that I could ever be loving you"" for some strange reason, and thought this would be a great break-up song. But in fact, the opposite is true. I've always loved the warmth of Eric D Johnson's voice.",af98a1e59bc94dadab7babd9a990bddc,Yes
spotify:track:5KDNFlHAdDJ84fhK27c35X,Judith,Mer De Noms,A Perfect Circle,8e90755452724b16bc0423f737beaccd,2026-06-09T21:09:04Z,"Judith Marie Garrison suffered a devastating brain aneurysm in 1976 that left her paralyzed, a condition that remained until her death in 2003. Her son James was only 11 at the time of the incident.

Judith was a devout Southern Baptist, and kept her faith despite the hardships she endured, but her son did not share her religious beliefs.

After a brief stint in the U.S. Army, James rechristened himself as Maynard James Keenan. He would go on to write several songs referencing his mother and her condition, but none more explicit than this one.

""He did this
Took all you had and
Left you this way
Still you pray, 
Never stray, never 
Taste of the fruit
Never thought 
To question why

It’s not like you killed someone
It’s not like you drove a hateful spear into his side
Praise the one who left you broken down and paralyzed
He did it all for you""

Years later, Keenan would go on to offer a more reflective and compassionate tribute to Judith:
https://www.youtube.com/watch?v=BMsmF7d4h5E",af98a1e59bc94dadab7babd9a990bddc,Yes
spotify:track:62zFcDLa1CjCY9yp6VO4ga,Lauren,Lauren,Men I Trust,6decab82ff3a437a886aa3d9a5999e5d,2026-06-09T22:49:25Z,"If you just look at the thumbnail photo, you *might* be tempted to think that's Phoebe Bridgers but i can assure one and all that IT IS NOT PHOEBE BRIDGERS! This is not one of her many offshoot projects either (29 and counting?) , so we can all mark ourselves safe from a PB l-adjacent ML submission this week.

What we do have is a gorgeous little pop ditty by a band that oddly keeps popping up on my radar in numerous ways. I'm embracing the signs. ",af98a1e59bc94dadab7babd9a990bddc,Yes
spotify:track:62Zhg5wQl9Dp80EhiYGhvd,Hercules,Allen Toussaint: The Lost Sessions,Aaron Neville,86c3935108da4e26bfb2081392ed35c5,2026-06-09T16:33:16Z,"Was digging around trying to find something different for this round and wound up falling into a very very deep Allen Toussaint rabbit hole. Here is a 1973 recording of Toussaint’s Hercules by Aaron Neville, who has a voice like melted chocolate, sexy, sweet, and smooth. ",af98a1e59bc94dadab7babd9a990bddc,Yes
spotify:track:6slYEgeezVhJyqSA9UwOAl,Lucinda (EM),Lucinda (EM),A Certain Ratio,62a98fc6d1b84e52b5f885d92cb59725,2026-06-10T10:39:02Z,"The song title is Lucinda. The EM just indicates that this is remixed by The Emperor Machine, who’s done a remixed version of the whole Sextet album (called The Joy of Sextet, a title I hope they are very pleased with). It’s coming out later this year. If I lived in Manchester I probably would have submitted this last round. ",af98a1e59bc94dadab7babd9a990bddc,Yes
spotify:track:6xTp4nC8NBRSYMxGqIikSh,Caroline,Collapsed In Sunbeams,Arlo Parks,d0b05394a4f7482b95d5e0aeecbaa33a,2026-06-08T22:11:35Z,"Arlo Parks has three songs relevant to this round—Jasmine, Eugene, and Caroline. In spirit of the league, I had to go with Caroline. Maybe it’s nostalgia guiding my hand this week. It’s chill and soulful storytelling, harkening back to a time where I could be instantly soothed (or pushed deeper into melancholy) with the likes of Zero 7, Portishead, etc. ",af98a1e59bc94dadab7babd9a990bddc,Yes
spotify:track:7aaDI1nm37aGLjjoQo34RY,Morten,De Eneste To,De Eneste To,fb5929c39fbe403dbcebeb3329942390,2026-06-10T17:33:42Z,"This is a band (name translates to ‘The Only Two’) consisting of two Danish songwriters. This band is better than the sum of their parts, even I if I generally like Peter Sommer. Morten is a first name, the same as Martin in English or German. The song is about Morten, who they lost touch with, and who had a lot of bad luck. They’re really good lyrics, if you like that sort of thing.",af98a1e59bc94dadab7babd9a990bddc,Yes
spotify:track:0Gi51VivBQXMOIyuUAmgkr,Not Yet,Nux Vomica,The Veils,2acd20c2132e44d7bd36b48ea1c0f195,2026-06-16T18:55:17Z,"I was going to go with either The Melvins as it always amuses me Shirley Temple's daughter was in that band, or Miley Cyrus due to Eitzels open letter to her he published. But....went safe with The Veils (Finns' father was in XTC)",67b8da02a2cb4e2887c3713b1940854a,Yes
spotify:track:2Nik4AnfiDq6hMqa2IlEoA,Bloody Mother Fucking Asshole,Bloody Mother Fucking Asshole,Martha Wainwright,23e53d1a01404849826a9ac7d1d28b27,2026-06-15T19:10:44Z,"Daughter of Loudon, and not his biggest fan, it would seem. Incredible voice, and surprising to me that her brother gets the limelight while she is the one with the real talent.",67b8da02a2cb4e2887c3713b1940854a,Yes
spotify:track:2qNJxMlONDZieqa2lCq0aU,Miami,Prince of Tears,Baxter Dury,920d59fe89434c9a9255c64fa8265e5a,2026-06-16T14:09:31Z,"Miami is the sweary sleazy protagonist of Baxter's ""Prince of Tears"" album. Delusional, a swaggering braggart, a self-styled salamander, “The Night Chef,” “Mister Maserati”, “The Sausage Man,” “The Eye Doctor.” And, at one point, Morgan Freeman. He's not meant to be likeable. The delivery on this track is spot on, listen to it and then try saying any of the above mentioned soubriquets without adopting Baxter-esque enunciation. Sounds like his dad too, no?",67b8da02a2cb4e2887c3713b1940854a,Yes
spotify:track:2QtcDBX43Hs5DSf59nxbrj,Can't Keep Waiting,Radio Astro,Hearty Har,a28a4930e9644a559d47cb1459c2c0a3,2026-06-17T11:32:11Z,Shane and Tyler Fogerty…,67b8da02a2cb4e2887c3713b1940854a,Yes
spotify:track:2seDl9dG0vVG712p4ubeNl,Fault Lines,Fault Lines,Family Stereo,2841805d6e4f44b1814aa495dc2150c1,2026-06-15T21:48:02Z,"Blake Watt, son of Tracey Thorn and Ben Watt, solo artists and Everything But the Girl as a duo.  Mom and dad guest here.  Full debut album July 31st.",67b8da02a2cb4e2887c3713b1940854a,Yes
spotify:track:3b7hpgHi2lSQbsIDM3QgDC,Mmmh,Strong Currents,"Hector Zazou, Melanie Gabriel",eda607c11bad4f2087be16a53e4d90b5,2026-06-16T08:52:39Z,"Daughter of Peter Gabriel, most of her ambient/electronica/world music hybrid is not on Spotify but this haunting track is. Enjoy the static. ",67b8da02a2cb4e2887c3713b1940854a,Yes
spotify:track:3I5xIGZn8FUviO0tpsHBjH,If You Knew,You and I (Expanded Edition),Jeff Buckley,de4eea8c425949deaa2c55f0c21ccd7d,2026-06-17T00:01:45Z,"This is a Nina Simone song that Jeff recorded in 1993 for his first Columbia sessions.  Highlights include what I believe is a Scarface imitation at the start, and the sort of self-deprecating comment that we Eitzel fans are used to at the end.",67b8da02a2cb4e2887c3713b1940854a,Yes
spotify:track:3LaHsdzzmvhx6TJedpomVy,Kids In America,Kim Wilde,Kim Wilde,01544fd12f414dadbc9bce3599e03c0b,2026-06-17T16:18:49Z,"Kim's dad, Marty, had six top 10 singles in the UK and wrote for Lulu and Status Quo as well as this one for  his daughter. ",67b8da02a2cb4e2887c3713b1940854a,Yes
spotify:track:3XYX6xHNkKpR6aRWZ5frqL,Måneblôt,Mareridt (Deluxe Version),Myrkur,fb5929c39fbe403dbcebeb3329942390,2026-06-17T18:41:05Z,"Myrkur’s given name is Amalie Bruun. She is the daughter of Danish musician and producer Michael Bruun. He wrote tons of hits with his bands Tøsedrengene and Ray-Dee-Ohh back in the 80’s. He produced just about all the Danish pop rock stars of the 80’s and 90’s. He might not be known to you, but he’s a big deal around here.

Myrkur went folk black metal instead of pop rock.  I saw them  play once, where there was a break in the show because they had misplaced their rhythm antler. That kind of folk black metal. Here is song that translates to Moon Sacrifice, that is a lot more black metal than folk. Enjoy.",67b8da02a2cb4e2887c3713b1940854a,Yes
spotify:track:4J4Q9gWVAtDJtXtrxAYwBH,Move With Me,Homebrew,Neneh Cherry,8e90755452724b16bc0423f737beaccd,2026-06-17T14:57:06Z,"Don Cherry was a jazz trumpeter who rose to prominence as a sideman with Ornette Coleman and then went on to have a long career across several musical genres. He worked closely with his wife, visual artist Moki Cherry, who created his album covers and set designs. Theirs was an artistic family, including several children who became professional musicians.

Neneh Cherry exploded into fame with ""Buffalo Stance"" in 1988 and her debut solo album 'Raw Like Sushi' the following year.

""Move With Me"", co-written with Cherry's husband Cameron McVey and taken from her second album 'Homebrew', is a hypnotically sensual and introspective examination of life and how the rhythms of nature and partnership intertwine.

""Motions as we move gives me
A clearer description
Than the words I string together
When I'm looking for expression
Or words I read for wisdom
As I'm searching for some answers""

Cherry's daughters Tyson and Mabel have also continued the family tradition as recording artists in the UK.",67b8da02a2cb4e2887c3713b1940854a,Yes
spotify:track:4tQ1uKVJEv1Q1OGc7XDsNV,Liverpool,Wild,Seraphina Simone,62a98fc6d1b84e52b5f885d92cb59725,2026-06-17T14:58:11Z,"Changed from my original submission when I remembered this. Seraphina came to my attention as a backing singer for another artist (don’t worry about looking it up), but has also released a few excellent EPs of her own. She is the daughter of Sananda Maitreya, the artist formerly known as Terence Trent D’Arby. ",67b8da02a2cb4e2887c3713b1940854a,Yes
spotify:track:56xG507PbKNGIe07iiZnGz,Dead Meat,Friendly Fire,Sean Ono Lennon,d0b05394a4f7482b95d5e0aeecbaa33a,2026-06-16T02:44:24Z,"I don’t believe I need to introduce Sean Ono Lennon. I’m sure entire books have been written on the family dynamic. I think Sean knows who he sounds like, and how he doesn’t. If you get past that, you could find a piece of work by someone who experienced pain as real as anyone else’s.

Sean wrote Friendly Fire after a nasty betrayal— his best friend Max had an affair with his girlfriend, and then Max died in a motorcycle accident before he could made amends. The album helped me get through a nasty betrayal back in the mid-aughts. I settled on Dead Meat for the simmering, eerie, life-is-a-circus sound and the satisfying idea that, at least sometimes, people do get what they deserve.

""At first it seems fairly plain, built around Lennon's thin voice (friendly, if lacking fire)....Yet there's more to the album, most explicitly in the spiked words -troubled, uncertain, seeking security in an impermanent world.”",67b8da02a2cb4e2887c3713b1940854a,Yes
spotify:track:57YD3Y16EqnX2baenqPcBr,Dreamin' Of,Dreamin' Of,Pieta Brown,d0cb0402be7f47c9914e8de02f509f7a,2026-06-17T02:28:09Z,"“Dreamin’ Of” by Pieta Brown is a song that evokes open space. It's a soft breath more than a bold declaration. The circling acoustic guitar lays down a hushed, suspended atmosphere where every note of Pieta’s voice can linger. The song lives in that quiet space between longing and acceptance. You can hear echoes of her father, Greg Brown, in the grounded storytelling, while the emotional subtlety and poetic hush nod toward her stepmother, Iris DeMent. Pieta's songwriting and voice don’t beg for attention but like light quietly fading at dusk, their beauty is undeniable.",67b8da02a2cb4e2887c3713b1940854a,Yes
spotify:track:5G3o1jScllBpuCxVRlsDDI,The Songs That We Sing,5:55 (Nouvelle Edition),Charlotte Gainsbourg,f269e66e73e246549e5c314009da035e,2026-06-17T13:04:09Z,"Papa: Serge Gainsbourg, the quintessential French genius/alcoholic/arsehole. 

Mama: Jane Birkin, who met Serge on the set of their film Slogan in 1968 (her at 21, him at 40, of course). 

They made an album together including the infamous “Je t'aime... moi non plus"", and a few years later, Charlotte arrived - 35 years after that came 5:55, her first album as an adult (I’m glossing over the teenage “Lemon Incest” period, I can’t even). This song wears both parental influences proudly in its arrangement and her voice - weirdly devoid of French accent - but also brings an A-Team of collaborators, with Jarvis Cocker and Neil Hannon co-writing the lyrics questioning the whole business of songwriting, and Air as musical maestros. ",67b8da02a2cb4e2887c3713b1940854a,Yes
spotify:track:5Q0Nhxo0l2bP3pNjpGJwV1,Party In The U.S.A.,The Time Of Our Lives,Miley Cyrus,86c3935108da4e26bfb2081392ed35c5,2026-06-16T15:06:23Z,"Ok, I know, I know. However, my first pick was NAS whose dad is the blues singer Olu Dara, but I wasn’t sure if that was famous enough. So in a crisis of faith I have sought refuge in the safety of mega pop stardom. I didn’t check but I’m pretty sure Miley hasn’t been submitted yet and I’m also fairly confident her Dad hasn’t either. So please enjoy this late aughts pop confection. ",67b8da02a2cb4e2887c3713b1940854a,Yes
spotify:track:5XCIgHfvNTspzFPFVFt6Ic,I Can See It In Your Eyes,Release Me,The Like,c2908202c05c4119b9af99d832f55b9b,2026-06-15T21:05:09Z,"From their Wiki: ""The Like were formed in September 2001 by Z Berg (vocals/guitar), Charlotte Froom (bass/vocals) and Tennessee Thomas (drums) as teenagers. All three are daughters of music industry veterans; Berg's father is former Geffen Records A&R exec/record producer Tony Berg, Froom's father is producer Mitchell Froom and Thomas' father is Pete Thomas, longtime drummer for Elvis Costello.""

I figure anything Mitchell Froom related should be completely beloved by Eitzel fans.",67b8da02a2cb4e2887c3713b1940854a,Yes
spotify:track:5Y3Vt1Z5ni8zm5WkZlR2mL,Foolish Love,Rufus Wainwright,Rufus Wainwright,6decab82ff3a437a886aa3d9a5999e5d,2026-06-17T15:13:15Z,"Surely no introduction to the parents of Rufus is required? Son of Loudon, and maybe less obviously Kate McGarrigle,  he's got two not one musical parents of reknown so vote accordingly folks!",67b8da02a2cb4e2887c3713b1940854a,Yes
spotify:track:630l6KBVfdgvka6Hv20OM1,Harlem River Blues,Harlem River Blues,Justin Townes Earle,8a006758b7e4400d94f2eb943efee15c,2026-06-16T18:39:59Z,"The son of Steve Earle, named after Townes Van Zandt. Died tragically young in 2020 after an accidental overdose. But left a fine body of work including this rollicking number. ",67b8da02a2cb4e2887c3713b1940854a,Yes
spotify:track:7Ivm2dQgKGvWY0aOe9g64r,II. Andantino,"C.P.E. Bach: Keyboard Concertos, Wq. 26, 44 & 20","Carl Philipp Emanuel Bach, Michael Rische, Kammersymphonie Leipzig",467b385bee164547a603d728685f182f,2026-06-16T20:47:58Z,CPE as opposed to JS -should win this round easily-what could go wrong?,67b8da02a2cb4e2887c3713b1940854a,Yes
spotify:track:0BSO4eBXXojFae6y3FcfM3,Granddaddy,The Horne Section TV Show (Music from the Original TV Series 1),The Horne Section,62a98fc6d1b84e52b5f885d92cb59725,2026-06-22T20:25:58Z,"Alex Horne created Taskmaster, which is the funniest TV show ever. He also does shows with his band The Horne Section. This is one of their songs, which makes me laugh out loud every time I hear it, because I am 12 years old. ",5c56b5eedd9a476c8a5242c48b74e620,Yes
spotify:track:0NZxhoP89WVQa1SANoad8c,Kick the Ball!!,Kick the Ball!!,Lynks,01544fd12f414dadbc9bce3599e03c0b,2026-06-24T17:44:48Z,"We've had Lynks before, but we haven't had him with the world cup song you didn't know you needed. This made me laugh and I don't even like soccer. ",5c56b5eedd9a476c8a5242c48b74e620,Yes
spotify:track:0SHy9CDpycpqEV82fOA9TI,Chocolate Salty Balls (P.S. I Love You),Chef Aid: The South Park Album,"Chef, Isaac Hayes",d0b05394a4f7482b95d5e0aeecbaa33a,2026-06-22T21:13:58Z,nuff said,5c56b5eedd9a476c8a5242c48b74e620,Yes
spotify:track:0WkZQPNC0c7yrsMX1arVAd,The Purple People Eater,The Purple People Eater,Sheb Wooley,920d59fe89434c9a9255c64fa8265e5a,2026-06-22T19:23:41Z,From an age of (comparative) innocence. Who doesn’t love a rocking and a rolling purple people eater? ,5c56b5eedd9a476c8a5242c48b74e620,Yes
spotify:track:1Dgy2kUwa4JzEUXvg7CAXH,I Am A Grocery Bag,No! (Deluxe Edition),They Might Be Giants,23e53d1a01404849826a9ac7d1d28b27,2026-06-23T18:04:36Z,"I listen to this album with my kids, they know every line. It's one of those things that's funny (IMHO) for adults as well as kids. This is one of the shortest songs on the album, in case some of y'all don't like it",5c56b5eedd9a476c8a5242c48b74e620,Yes
spotify:track:1sHRjZtep5IstNYM3uWRij,I Own a Car,I Own A Car,Ninja Sex Party,2841805d6e4f44b1814aa495dc2150c1,2026-06-22T19:28:45Z,"Guess what I own, boys?  My first car, this model. https://classiccars.com/listings/view/1552159/1975-ford-mustang-for-sale-in-charlton-massachusetts-01507  It broke down on the test drive, but I was in love and bought it anyway.  It continued to regularly die, due to undiscovered loose alternator wiring, despite the slavish washing and polishing routine.  The ending crash, also applicable.",5c56b5eedd9a476c8a5242c48b74e620,Yes
spotify:track:1t1YkT7GkSxyi7eKIEayfk,Shave 'Em Dry II,Shave 'em Dry: the Best of,Lucille Bogan,2acd20c2132e44d7bd36b48ea1c0f195,2026-06-23T19:11:17Z,Filthy fun from 1934,5c56b5eedd9a476c8a5242c48b74e620,Yes
spotify:track:2mzuA9mwOywE1VF7mO6sYG,Bantam Cock,Lah-Di-Dah,Jake Thackray,fb5929c39fbe403dbcebeb3329942390,2026-06-23T12:15:35Z,"A song about a rapey bantam cock. The bird kind. It’s about a bird. This genre of mainstream risque folk ballads has all but disappeared. Probably for a good reason, but this is quietly amusing, and not in your face look-at-me-I’m-zany annoying. Should I have gone with Isabel Makes Love Upon National Monuments or Lah-Di-Dah? Who knows. It all seems awfully out of time and place now.",5c56b5eedd9a476c8a5242c48b74e620,Yes
spotify:track:3LklW07tvdx2AHsgfi1Mng,I Wish,I Wish,Skee-Lo,86c3935108da4e26bfb2081392ed35c5,2026-06-22T19:00:42Z,Comments later,5c56b5eedd9a476c8a5242c48b74e620,Yes
spotify:track:3lu1PGi9oiKFbwJvGPpnyX,Uncorrected Personality Traits,I Often Dream of Trains,Robyn Hitchcock,de4eea8c425949deaa2c55f0c21ccd7d,2026-06-22T22:07:07Z,"Some of you may not care for his usual psychedelic surrealism schtick, but I hope you can crack a grin at some point nonetheless.  Not only amusing, but instructive too.  Oi!",5c56b5eedd9a476c8a5242c48b74e620,Yes
spotify:track:466QMr5bVL5dEjtGxgaXyC,Banditos,Fizzy Fuzzy Big & Buzzy,The Refreshments,6decab82ff3a437a886aa3d9a5999e5d,2026-06-24T07:58:42Z,"This as cheesy as 90s alt-rock could be, but still undeniably catchy. ",5c56b5eedd9a476c8a5242c48b74e620,Yes
spotify:track:4BhBHpZlySZX16hYUrOwrq,This Is My Body,The Great Irish Famine,Junior Brother,f269e66e73e246549e5c314009da035e,2026-06-24T12:17:07Z,"My take: humour in music is best in moderation - in the way that a dollop of mustard complements a steak, but you wouldn’t want to eat a whole bowl of it - or in the way that Bill Murray is funnier than Jim Carrey. Thusly - this pick is kind of a regular, rollicking song, but spiked with self-deprecating jokes. Junior Brother is known to his Mam as Ronan Kealy, a lad from County Kerry, Ireland, who does wild and wonderful things expanding the Irish folk template with influences like Captain Beefheart, Loudon Wainwright, contemporary post-punk, and so forth. He was not even thirty when he wrote this, but at our not so-tender-ages, I think we could all agree he has a point - sometimes the mirror brings bad news.",5c56b5eedd9a476c8a5242c48b74e620,Yes
spotify:track:4dr49yNcSnkVXTlgXhpd13,Montana,Over-Nite Sensation,"Frank Zappa, The Mothers",467b385bee164547a603d728685f182f,2026-06-22T21:19:35Z,Well if you've been to Montana...,5c56b5eedd9a476c8a5242c48b74e620,Yes
spotify:track:54UPoHNQuqAqOQAZ2hl1il,Sensitive Artist,Mystical Shit/Fluting on the Hump,King Missile,d0cb0402be7f47c9914e8de02f509f7a,2026-06-24T17:34:45Z,I loved the kooky humor of KM in the 90s and this one still hits a little too close to the bone. John S. Hall's unique voice and delivery was the hook for me. Haven't followed their/his career so I'm not sure if his  wit stayed sharp. ,5c56b5eedd9a476c8a5242c48b74e620,Yes
spotify:track:5Qb2NeaVV91gaNPGcfwuF8,The Ball of Kirriemuir,Where You're Meant to Be,Aidan Moffat,a28a4930e9644a559d47cb1459c2c0a3,2026-06-23T18:41:47Z,"I first heard this old traditional song as a live recording on a Jim Croce album. Still the version that sticks with me, and I wanted to use that, but I've already used Jim Croce in previous round. Aidan has also appeared before in other configurations, but at least not by mine own hand and not solo.

This song has a long history and has been recorded by many over the years. This is a cleverly updated take on the basic structure, and I like that Aidan's delivery stays close to the song's Scottish roots.",5c56b5eedd9a476c8a5242c48b74e620,Yes
spotify:track:6BsuFAxV7wwQyBFF4uDnNK,Inner City Pressure,Flight Of The Conchords,"Flight of the Conchords, Jemaine Clement, Bret McKenzie",eda607c11bad4f2087be16a53e4d90b5,2026-06-22T20:27:28Z,"Amazed and thankful this wasn't yellow boxed or I would be listening to The Baron Nights, Noel Coward and The Goons trying to find something funny and struggling. A repeat artist? Too obvious? Still makes me  chuckle. Perfect piss take out of Pet Shop Boy (who I love) and West End Girls which I also adore. The video adds an extra of patiche. 
",5c56b5eedd9a476c8a5242c48b74e620,Yes
spotify:track:6rmNpVzGkWIGqttdpmMR98,Girl on LSD - Alternate Version,Finding Wildflowers (Alternate Versions),Tom Petty,8e90755452724b16bc0423f737beaccd,2026-06-23T23:52:23Z,"""I was really trying to hone something different for a while there, and then I felt like I'd got that out of my system and now it was time to do something a little rawer and earthier."" - Tom Petty

Petty's 'Wildflowers' was originally conceived as a double album before it was hewn down to 15 tracks for its 1994 release. One of the casualties was ""Girl on LSD"", relegated to b-side status via the album's first single.

The humor in the song speaks for itself, but it also has an interesting history. Co-producer Rick Rubin dismisses it as a ""fun throwaway... we laughed a lot in the studio thanks to this one"", but Petty's daughter Adria claims her father intended it to be the closing song in the original double album sequencing. Petty himself thought enough of ""Girl on LSD"" to feature it in his live set as late as 2008 (https://open.spotify.com/track/6RhmiL6iRRFzdYNxIa4mw0) and likely would have included it on an expanded 'Wildflowers' he was planning in 2017 before his untimely passing.",5c56b5eedd9a476c8a5242c48b74e620,Yes
spotify:track:6umL3Fu63A82SLXRAvhkzV,70's Rock Must Die,'70's Rock Must Die,Lard,c2908202c05c4119b9af99d832f55b9b,2026-06-23T21:48:19Z,"Two of the nicest guys in rock history, Jello Biafra and Al Jourgensen, team up to pen a love letter to the rock legends that inspired them to create music in the first place.  I recommend following along with the lyrics as they reference iconic 70's moments such as country rock, Saturday Night Fever, Led Zep, Aerosmith, The Sex Pistols and ... um ... ""collegiate boy Neil Young copy bands.""",5c56b5eedd9a476c8a5242c48b74e620,Yes
spotify:track:7eSIIkZvrNqezcl059Ufpk,Tony's Got Hot Nuts,Girlesque Burlesque (Remastered),Faye Richmonde,8a006758b7e4400d94f2eb943efee15c,2026-06-23T06:43:46Z,"I’m not really sure this qualifies for the round, being as it is a straightforward song about a vendor of savory treats, sold at the bargain price of ten cents a bag - not five cents - ten cents a bag. ",5c56b5eedd9a476c8a5242c48b74e620,Yes
spotify:track:0ATJTcFVSa5XDNDXyF2JBL,Kinema,Domestic Bliss,Voka Gentle,920d59fe89434c9a9255c64fa8265e5a,2026-07-01T15:57:11Z,"One of my new favourite bands this year. Slow paced metronomic beats, building to a hypnotic chant. Atmospheric, beautiful. ",2495b25e621641a59acb7fae88607cbe,Yes
spotify:track:0Jq3UMSMb8Zoa5VQ08RIm3,Linger On,The Scenery Of Farewell,Two Gallants,62a98fc6d1b84e52b5f885d92cb59725,2026-06-29T21:59:58Z,"If I was in charge Two Gallants would have been massive. For some reason I’m not in charge, and they haven’t released anything in over 10 years. This song is slow (approximately 69bpm according to google AI), and fairly long, but is a definite 7 pointer as far as I’m concerned. ",2495b25e621641a59acb7fae88607cbe,Yes
spotify:track:1bg2efPJpbC5p3Rlq94CHx,Starless - Abridged,The Condensed 21st Century Guide To King Crimson (1969 - 2003),King Crimson,8e90755452724b16bc0423f737beaccd,2026-07-01T15:54:33Z,"""Starless"" was originally conceived as the title track for the band's sixth studio album 'Starless and Bible Black' but was reworked with additions by contributing lyricist Richard Palmer-James and subsequently became the closing song on 1974's 'Red'. This ""abridged"" version (created for a 1991 retrospective box set) is essentially a standalone release of the song's balladic opening section, evocatively sung by vocalist/bassist John Wetton. I have always loved the melancholic imagery of the lyrics as a perfect complement to the brooding bed of intertwined guitar and saxophone... a longtime favourite and an incredible mood setter.",2495b25e621641a59acb7fae88607cbe,Yes
spotify:track:1F48OYlwo02rYuCFZofMBU,Safe House,Fight The Real Terror,My Brightest Diamond,01544fd12f414dadbc9bce3599e03c0b,2026-07-01T18:25:52Z,"From my favourite album of 2024, which was written in response to the passing of Sinead O'Connor, here is a song which showcases the wonderful vocals of Shara Nova, with whom I have become a little obsessed since seeing her open for Alan Sparhawk last time he was in town. ",2495b25e621641a59acb7fae88607cbe,Yes
spotify:track:1GqedBxYLb9QVdq3MKzIuY,Elusive,Passing Stranger,Scott Matthews,d0cb0402be7f47c9914e8de02f509f7a,2026-07-01T15:52:02Z,"Stumbled on this song sometime during the early days of the pandemic. It quickly became a part of my playlist that I used to calm my nerves in the worst of times. The diaphanous quality of his voice and dreamy production worked as a soothing balm. Slow down, listen, and breathe.",2495b25e621641a59acb7fae88607cbe,Yes
spotify:track:1i17Ub8xAMDMvIAJNvBmjJ,Holocaust,Third,Big Star,2acd20c2132e44d7bd36b48ea1c0f195,2026-06-29T19:56:53Z,I've just discovered the 'previous submissions' google sheet! Better late than never. No Big Star by the looks of it so far...,2495b25e621641a59acb7fae88607cbe,Yes
spotify:track:1ps5sx71OhHiBVmGiKQSne,Always Returning - Remastered 2005,Apollo,Brian Eno,de4eea8c425949deaa2c55f0c21ccd7d,2026-07-01T07:43:26Z,"Imagine your mind as an open sky. Whenever a distracting thought drifts into view, don't push it away. Instead, picture it simply floating by like a wisp of vapor, allowing your attention to drift back to the safety of the music.
Feel the sensation of expansion. With each deliberate, echoing piano note, imagine a wave of calm washing over you, from the top of your crown, to your hot salty gonads, all the way down to your toes.",2495b25e621641a59acb7fae88607cbe,Yes
spotify:track:2nkh45KtSRpDnbHXFziGpF,Look Away,Rest Your Head,Tulliah,2841805d6e4f44b1814aa495dc2150c1,2026-06-29T19:21:26Z,"Ida's Elizabeth Mitchell is a co-writer on this lovely track from her debut album.  First heard her thanks to ""Okay"", an acoustic guitar & cello song of love and support to a friend (waterworks trigger warning).   https://tulliah.bandcamp.com/",2495b25e621641a59acb7fae88607cbe,Yes
spotify:track:39DhhTWMWwtj1jN7rPhcim,(That's How You Sing) Amazing Grace,Trust,Low,6decab82ff3a437a886aa3d9a5999e5d,2026-07-01T15:13:55Z,This one is for all the lovebirds on heavy narcotics.... ,2495b25e621641a59acb7fae88607cbe,Yes
spotify:track:3gBOZWulJAR1bo80ENp7Ud,A Universal Hello,Larmousse,Larmousse,467b385bee164547a603d728685f182f,2026-06-30T12:11:12Z,Slooow oh and a bit long but it's very good -may be some arguments about A and An .......,2495b25e621641a59acb7fae88607cbe,Yes
spotify:track:3NMw2uLT8JuXWcEKYHse1p,Loss Leader,The White Birch,Codeine,f269e66e73e246549e5c314009da035e,2026-07-01T11:02:15Z,"As soon as I saw the brief for this round, I thought of Codeine - not just because they’re always in the list of bands when you look up “slowcore” (along with AMC, which I can never understand), but also because they meant a lot to me, back in the day. They weren’t just slow, they stripped everything back to just a few notes and drumbeats, with plenty of space in-between - even the lyrics circled around themes of loss and lack and absence. Yes, slowcore is also sadcore. I guess I was a sadcore youth. But I’m better now. ALL BETTER *laughcries*",2495b25e621641a59acb7fae88607cbe,Yes
spotify:track:6dZueQyPiXXlvhSZuOQ0IY,Red Bird Morning,Old Time Feeling,S.G. Goodman,d0b05394a4f7482b95d5e0aeecbaa33a,2026-06-29T20:52:46Z,"There are many ways to approach this round. But I knew that I did not want slow as to be comatose. I also wished to choose something newer to me, and perhaps new to you. I find this rather sad and lovely. I had an aunt who swore her departed mother kept coming back to her in the form of a cardinal— turns out many folks believe those we have lost come back as red birds to visit us.",2495b25e621641a59acb7fae88607cbe,Yes
spotify:track:6LGw1PA9wcTswrxHV5iOAf,Chariot,Water's Here In You,Babehoven,c2908202c05c4119b9af99d832f55b9b,2026-06-29T19:48:23Z,Well the strategy of going with 90's era stuff hasn't resulted in the avalanche of points I was expecting so let's try to teach the old dog(s) some new trick(s) with this 2024 cut from an upstate(ish) NY duo.  You've got something in your pocket?,2495b25e621641a59acb7fae88607cbe,Yes
spotify:track:6lhQOGlAtb5NhWNqWmxEWI,Beams,Luminarium,Tape,fb5929c39fbe403dbcebeb3329942390,2026-07-01T18:08:43Z,Swedish band Tape makes sort of acoustic electronic music. It sounds a bit like very brief early 70’s prog rock instrumentals except it doesn’t. But they are always slow and beautiful.,2495b25e621641a59acb7fae88607cbe,Yes
spotify:track:6PEHfMbfF3yaXgaqaDaOsD,Crystal Silence - Previously Unissued,Captain Marvel,Stan Getz,86c3935108da4e26bfb2081392ed35c5,2026-06-29T20:24:00Z,"I know what you’re thinking, “Did this clown just post a 7:46 slow jazz song?” Yes. Yes I did. Stan Getz teams up with Chic Corea for a beautiful version of Corea’s song. The electric piano effect is almost Wurlitzer like and completely fascinating to me. The song drifts along on the piano as Stan plays the melody with reverence and it seems a little sorrow. It’s a beautiful piece of music and I hope you can take some slow deep breaths and let it wash over your brain. ",2495b25e621641a59acb7fae88607cbe,Yes
spotify:track:6rXh1BjDeBG6u7XbYBb8yZ,"Listen, The Snow Is Falling",This is Our Music,Galaxie 500,eda607c11bad4f2087be16a53e4d90b5,2026-06-30T11:32:45Z,"Slowcore from Galaxie 500. A band I was obsessed with in my first year at University. Dubbed out shoegaze/dream pop slowed down and drown in a hazy bath of reverb of Spaceman 3 & The Velvet Underground guitars. When I first heard this I didn't know it was a cover as someone had taped me the LP. A C90 I no-longer own, I wish I did it had a lovely hand drawn cover, with This Is Our Music on one side and Cowboy Junkies Trinity Sessions on the other. Two records I still love today. A Sunday morning coming down tape that help ease those hangovers. ",2495b25e621641a59acb7fae88607cbe,Yes
spotify:track:6sI5iV3BCtkbQ9HgHZBGFr,My Old Friend the Blues,Mirmama,Eddi Reader,23e53d1a01404849826a9ac7d1d28b27,2026-06-29T19:11:47Z,"One from the old days, slow pace but Eddie's voice guides one through it smoothly. Saw her support Mark on a youtube video somewhere.",2495b25e621641a59acb7fae88607cbe,Yes
spotify:track:6Thn8AOHIwPCkf2O4ZgfC2,Song for Zula,Muchacho,Phosphorescent,a28a4930e9644a559d47cb1459c2c0a3,2026-07-01T00:11:24Z,"Won’t be the slowest song submitted this week, but it plods along hypnotically and still feels shorter than it is. Among the best I’ve found for an introspective late night drive, or the stillness after a party has burned out. There’s just enough speed here to pull you in as you space out. If you are listening in the cold light of day, try again in the dark after a long day… or a great day.",2495b25e621641a59acb7fae88607cbe,Yes
spotify:track:7r1Vj3cDdHihXsTqBI3bpm,Lose Me On the Way,Bavarian Fruit Bread,Hope Sandoval & The Warm Inventions,8a006758b7e4400d94f2eb943efee15c,2026-07-01T17:17:56Z,"(Listed incorrectly on Spotify - this is actually Around My Smile). 

Hope Sandoval does not do anything quickly. I reckon I could potentially even beat her in the sports day parents’ race. This is one of her slowest and best. ",2495b25e621641a59acb7fae88607cbe,Yes
